MonthDay,Hit_55,Hit_60,Hit_65,Hit_70,Hit_75,Pct_GE_55,Roll7_GE_55,Pct_GE_60,Roll7_GE_60,Pct_GE_65,Roll7_GE_65,Pct_GE_70,Roll7_GE_70,Pct_GE_75,Roll7_GE_75
01-01,3.0,1.0,0.0,0.0,0.0,6.0,6.5,2.0,1.0,0.0,0.0,0.0,0.0,0.0,0.0
01-02,3.0,0.0,0.0,0.0,0.0,6.0,6.8,0.0,2.0,0.0,0.0,0.0,0.0,0.0,0.0
01-03,2.0,0.0,0.0,0.0,0.0,4.0,6.333333333333333,0.0,2.3333333333333335,0.0,0.0,0.0,0.0,0.0,0.0
01-04,5.0,1.0,0.0,0.0,0.0,10.0,5.714285714285714,2.0,2.2857142857142856,0.0,0.0,0.0,0.0,0.0,0.0
01-05,4.0,3.0,0.0,0.0,0.0,8.0,5.428571428571429,6.0,2.2857142857142856,0.0,0.2857142857142857,0.0,0.0,0.0,0.0
01-06,2.0,2.0,0.0,0.0,0.0,4.0,5.428571428571429,4.0,2.2857142857142856,0.0,0.2857142857142857,0.0,0.0,0.0,0.0
01-07,1.0,1.0,0.0,0.0,0.0,2.0,5.142857142857143,2.0,2.2857142857142856,0.0,0.2857142857142857,0.0,0.0,0.0,0.0
01-08,2.0,1.0,1.0,0.0,0.0,4.0,4.285714285714286,2.0,2.2857142857142856,2.0,0.2857142857142857,0.0,0.0,0.0,0.0
01-09,3.0,0.0,0.0,0.0,0.0,6.0,3.7142857142857144,0.0,2.0,0.0,0.2857142857142857,0.0,0.0,0.0,0.0
01-10,1.0,0.0,0.0,0.0,0.0,2.0,3.7142857142857144,0.0,1.4285714285714286,0.0,0.2857142857142857,0.0,0.0,0.0,0.0
01-11,2.0,1.0,0.0,0.0,0.0,4.0,4.857142857142857,2.0,1.1428571428571428,0.0,0.2857142857142857,0.0,0.0,0.0,0.0
01-12,2.0,2.0,0.0,0.0,0.0,4.0,4.857142857142857,4.0,1.1428571428571428,0.0,0.0,0.0,0.0,0.0,0.0
01-13,2.0,0.0,0.0,0.0,0.0,4.0,4.285714285714286,0.0,1.1428571428571428,0.0,0.0,0.0,0.0,0.0,0.0
01-14,5.0,0.0,0.0,0.0,0.0,10.0,4.0,0.0,1.1428571428571428,0.0,0.0,0.0,0.0,0.0,0.0
01-15,2.0,1.0,0.0,0.0,0.0,4.0,4.285714285714286,2.0,0.8571428571428571,0.0,0.0,0.0,0.0,0.0,0.0
01-16,1.0,0.0,0.0,0.0,0.0,2.0,4.285714285714286,0.0,0.5714285714285714,0.0,0.0,0.0,0.0,0.0,0.0
01-17,0.0,0.0,0.0,0.0,0.0,0.0,3.7142857142857144,0.0,0.5714285714285714,0.0,0.0,0.0,0.0,0.0,0.0
01-18,3.0,0.0,0.0,0.0,0.0,6.0,2.2857142857142856,0.0,0.5714285714285714,0.0,0.0,0.0,0.0,0.0,0.0
01-19,2.0,1.0,0.0,0.0,0.0,4.0,1.7142857142857142,2.0,0.2857142857142857,0.0,0.0,0.0,0.0,0.0,0.0
01-20,0.0,0.0,0.0,0.0,0.0,0.0,2.0,0.0,0.5714285714285714,0.0,0.0,0.0,0.0,0.0,0.0
01-21,0.0,0.0,0.0,0.0,0.0,0.0,3.142857142857143,0.0,0.5714285714285714,0.0,0.0,0.0,0.0,0.0,0.0
01-22,0.0,0.0,0.0,0.0,0.0,0.0,3.142857142857143,0.0,0.8571428571428571,0.0,0.0,0.0,0.0,0.0,0.0
01-23,2.0,1.0,0.0,0.0,0.0,4.0,3.142857142857143,2.0,0.8571428571428571,0.0,0.2857142857142857,0.0,0.0,0.0,0.0
01-24,4.0,0.0,0.0,0.0,0.0,8.0,4.0,0.0,0.8571428571428571,0.0,0.2857142857142857,0.0,0.0,0.0,0.0
01-25,3.0,1.0,0.0,0.0,0.0,6.0,4.0,2.0,0.8571428571428571,0.0,0.2857142857142857,0.0,0.0,0.0,0.0
01-26,2.0,1.0,1.0,0.0,0.0,4.0,4.0,2.0,0.8571428571428571,2.0,0.2857142857142857,0.0,0.0,0.0,0.0
01-27,3.0,0.0,0.0,0.0,0.0,6.0,4.285714285714286,0.0,0.5714285714285714,0.0,0.2857142857142857,0.0,0.0,0.0,0.0
01-28,0.0,0.0,0.0,0.0,0.0,0.0,3.7142857142857144,0.0,0.8571428571428571,0.0,0.2857142857142857,0.0,0.0,0.0,0.0
01-29,0.0,0.0,0.0,0.0,0.0,0.0,3.7142857142857144,0.0,0.8571428571428571,0.0,0.2857142857142857,0.0,0.0,0.0,0.0
01-30,3.0,0.0,0.0,0.0,0.0,6.0,4.285714285714286,0.0,0.8571428571428571,0.0,0.0,0.0,0.0,0.0,0.0
01-31,2.0,1.0,0.0,0.0,0.0,4.0,3.7142857142857144,2.0,0.8571428571428571,0.0,0.0,0.0,0.0,0.0,0.0
02-01,3.0,1.0,0.0,0.0,0.0,6.0,4.571428571428571,2.0,0.8571428571428571,0.0,0.0,0.0,0.0,0.0,0.0
02-02,4.0,1.0,0.0,0.0,0.0,8.0,4.571428571428571,2.0,0.8571428571428571,0.0,0.0,0.0,0.0,0.0,0.0
02-03,1.0,0.0,0.0,0.0,0.0,2.0,4.0,0.0,0.8571428571428571,0.0,0.0,0.0,0.0,0.0,0.0
02-04,3.0,0.0,0.0,0.0,0.0,6.0,3.7142857142857144,0.0,0.5714285714285714,0.0,0.0,0.0,0.0,0.0,0.0
02-05,0.0,0.0,0.0,0.0,0.0,0.0,2.857142857142857,0.0,0.2857142857142857,0.0,0.0,0.0,0.0,0.0,0.0
02-06,1.0,0.0,0.0,0.0,0.0,2.0,1.7142857142857142,0.0,0.0,0.0,0.0,0.0,0.0,0.0,0.0
02-07,1.0,0.0,0.0,0.0,0.0,2.0,1.7142857142857142,0.0,0.2857142857142857,0.0,0.0,0.0,0.0,0.0,0.0
02-08,0.0,0.0,0.0,0.0,0.0,0.0,1.4285714285714286,0.0,0.8571428571428571,0.0,0.0,0.0,0.0,0.0,0.0
02-09,0.0,0.0,0.0,0.0,0.0,0.0,2.0,0.0,1.1428571428571428,0.0,0.0,0.0,0.0,0.0,0.0
02-10,1.0,1.0,0.0,0.0,0.0,2.0,1.7142857142857142,2.0,1.1428571428571428,0.0,0.0,0.0,0.0,0.0,0.0
02-11,2.0,2.0,0.0,0.0,0.0,4.0,1.7142857142857142,4.0,1.1428571428571428,0.0,0.0,0.0,0.0,0.0,0.0
02-12,2.0,1.0,0.0,0.0,0.0,4.0,2.2857142857142856,2.0,1.1428571428571428,0.0,0.0,0.0,0.0,0.0,0.0
02-13,0.0,0.0,0.0,0.0,0.0,0.0,3.4285714285714284,0.0,1.7142857142857142,0.0,0.0,0.0,0.0,0.0,0.0
02-14,1.0,0.0,0.0,0.0,0.0,2.0,3.7142857142857144,0.0,1.7142857142857142,0.0,0.0,0.0,0.0,0.0,0.0
02-15,2.0,0.0,0.0,0.0,0.0,4.0,4.0,0.0,1.1428571428571428,0.0,0.0,0.0,0.0,0.0,0.0
02-16,4.0,2.0,0.0,0.0,0.0,8.0,4.0,4.0,0.8571428571428571,0.0,0.0,0.0,0.0,0.0,0.0
02-17,2.0,1.0,0.0,0.0,0.0,4.0,4.857142857142857,2.0,0.8571428571428571,0.0,0.0,0.0,0.0,0.0,0.0
02-18,3.0,0.0,0.0,0.0,0.0,6.0,5.428571428571429,0.0,1.4285714285714286,0.0,0.0,0.0,0.0,0.0,0.0
02-19,2.0,0.0,0.0,0.0,0.0,4.0,6.571428571428571,0.0,2.0,0.0,0.0,0.0,0.0,0.0,0.0
02-20,3.0,0.0,0.0,0.0,0.0,6.0,6.571428571428571,0.0,2.0,0.0,0.0,0.0,0.0,0.0,0.0
02-21,3.0,2.0,0.0,0.0,0.0,6.0,6.857142857142857,4.0,2.0,0.0,0.0,0.0,0.0,0.0,0.0
02-22,6.0,2.0,0.0,0.0,0.0,12.0,6.285714285714286,4.0,2.2857142857142856,0.0,0.0,0.0,0.0,0.0,0.0
02-23,4.0,2.0,0.0,0.0,0.0,8.0,5.714285714285714,4.0,2.2857142857142856,0.0,0.0,0.0,0.0,0.0,0.0
02-24,3.0,1.0,0.0,0.0,0.0,6.0,5.714285714285714,2.0,2.5714285714285716,0.0,0.0,0.0,0.0,0.0,0.0
02-25,1.0,1.0,0.0,0.0,0.0,2.0,6.0,2.0,2.0,0.0,0.0,0.0,0.0,0.0,0.0
02-26,0.0,0.0,0.0,0.0,0.0,0.0,4.285714285714286,0.0,1.4285714285714286,0.0,0.0,0.0,0.0,0.0,0.0
02-27,3.0,1.0,0.0,0.0,0.0,6.0,4.0,2.0,1.1428571428571428,0.0,0.0,0.0,0.0,0.0,0.0
02-28,4.0,0.0,0.0,0.0,0.0,8.0,4.285714285714286,0.0,1.4285714285714286,0.0,0.0,0.0,0.0,0.0,0.0
02-29,0.0,0.0,0.0,0.0,0.0,0.0,4.857142857142857,0.0,1.1428571428571428,0.0,0.0,0.0,0.0,0.0,0.0
03-01,3.0,1.0,0.0,0.0,0.0,6.0,5.714285714285714,2.0,1.4285714285714286,0.0,0.0,0.0,0.0,0.0,0.0
03-02,4.0,2.0,0.0,0.0,0.0,8.0,6.285714285714286,4.0,1.1428571428571428,0.0,0.0,0.0,0.0,0.0,0.0
03-03,3.0,0.0,0.0,0.0,0.0,6.0,6.571428571428571,0.0,1.7142857142857142,0.0,0.0,0.0,0.0,0.0,0.0
03-04,3.0,1.0,0.0,0.0,0.0,6.0,8.0,2.0,1.7142857142857142,0.0,0.0,0.0,0.0,0.0,0.0
03-05,5.0,0.0,0.0,0.0,0.0,10.0,8.0,0.0,2.2857142857142856,0.0,0.0,0.0,0.0,0.0,0.0
03-06,5.0,2.0,0.0,0.0,0.0,10.0,7.714285714285714,4.0,2.0,0.0,0.0,0.0,0.0,0.0,0.0
03-07,5.0,0.0,0.0,0.0,0.0,10.0,8.0,0.0,2.0,0.0,0.0,0.0,0.0,0.0,0.0
03-08,3.0,3.0,0.0,0.0,0.0,6.0,8.285714285714286,6.0,1.7142857142857142,0.0,0.0,0.0,0.0,0.0,0.0
03-09,3.0,1.0,0.0,0.0,0.0,6.0,8.285714285714286,2.0,1.7142857142857142,0.0,0.0,0.0,0.0,0.0,0.0
03-10,4.0,0.0,0.0,0.0,0.0,8.0,8.857142857142858,0.0,1.4285714285714286,0.0,0.0,0.0,0.0,0.0,0.0
03-11,4.0,0.0,0.0,0.0,0.0,8.0,8.571428571428571,0.0,1.4285714285714286,0.0,0.0,0.0,0.0,0.0,0.0
03-12,5.0,0.0,0.0,0.0,0.0,10.0,9.428571428571429,0.0,0.8571428571428571,0.0,0.0,0.0,0.0,0.0,0.0
03-13,7.0,1.0,0.0,0.0,0.0,14.0,10.285714285714286,2.0,1.7142857142857142,0.0,0.2857142857142857,0.0,0.0,0.0,0.0
03-14,4.0,0.0,0.0,0.0,0.0,8.0,11.142857142857142,0.0,2.0,0.0,0.5714285714285714,0.0,0.0,0.0,0.0
03-15,6.0,1.0,0.0,0.0,0.0,12.0,12.0,2.0,2.2857142857142856,0.0,0.5714285714285714,0.0,0.0,0.0,0.0
03-16,6.0,4.0,1.0,0.0,0.0,12.0,12.285714285714286,8.0,2.5714285714285716,2.0,0.5714285714285714,0.0,0.0,0.0,0.0
03-17,7.0,1.0,1.0,0.0,0.0,14.0,11.428571428571429,2.0,3.142857142857143,2.0,0.5714285714285714,0.0,0.0,0.0,0.0
03-18,7.0,1.0,0.0,0.0,0.0,14.0,12.857142857142858,2.0,3.4285714285714284,0.0,0.5714285714285714,0.0,0.0,0.0,0.0
03-19,6.0,1.0,0.0,0.0,0.0,12.0,11.714285714285714,2.0,3.4285714285714284,0.0,0.5714285714285714,0.0,0.0,0.0,0.0
03-20,4.0,3.0,0.0,0.0,0.0,8.0,11.142857142857142,6.0,2.5714285714285716,0.0,0.2857142857142857,0.0,0.0,0.0,0.0
03-21,9.0,1.0,0.0,0.0,0.0,18.0,10.857142857142858,2.0,2.5714285714285716,0.0,0.0,0.0,0.0,0.0,0.0
03-22,2.0,1.0,0.0,0.0,0.0,4.0,10.571428571428571,2.0,2.5714285714285716,0.0,0.0,0.0,0.0,0.0,0.0
03-23,4.0,1.0,0.0,0.0,0.0,8.0,10.0,2.0,2.857142857142857,0.0,0.0,0.0,0.0,0.0,0.0
03-24,6.0,1.0,0.0,0.0,0.0,12.0,10.571428571428571,2.0,2.0,0.0,0.0,0.0,0.0,0.0,0.0
03-25,6.0,1.0,0.0,0.0,0.0,12.0,10.571428571428571,2.0,2.5714285714285716,0.0,0.0,0.0,0.0,0.0,0.0
03-26,4.0,2.0,0.0,0.0,0.0,8.0,13.428571428571429,4.0,3.7142857142857144,0.0,0.2857142857142857,0.0,0.0,0.0,0.0
03-27,6.0,0.0,0.0,0.0,0.0,12.0,15.714285714285714,0.0,4.571428571428571,0.0,0.2857142857142857,0.0,0.0,0.0,0.0
03-28,9.0,3.0,0.0,0.0,0.0,18.0,17.428571428571427,6.0,6.571428571428571,0.0,0.2857142857142857,0.0,0.0,0.0,0.0
03-29,12.0,5.0,1.0,0.0,0.0,24.0,19.142857142857142,10.0,7.714285714285714,2.0,0.5714285714285714,0.0,0.0,0.0,0.0
03-30,12.0,4.0,0.0,0.0,0.0,24.0,20.571428571428573,8.0,7.714285714285714,0.0,0.5714285714285714,0.0,0.0,0.0,0.0
03-31,12.0,8.0,0.0,0.0,0.0,24.0,22.285714285714285,16.0,9.714285714285714,0.0,1.1428571428571428,0.0,0.0,0.0,0.0
04-01,12.0,5.0,1.0,0.0,0.0,24.0,23.142857142857142,10.0,11.142857142857142,2.0,1.1428571428571428,0.0,0.0,0.0,0.0
04-02,9.0,2.0,0.0,0.0,0.0,18.0,22.857142857142858,4.0,10.857142857142858,0.0,1.4285714285714286,0.0,0.0,0.0,0.0
04-03,12.0,7.0,2.0,0.0,0.0,24.0,22.285714285714285,14.0,10.857142857142858,4.0,1.4285714285714286,0.0,0.0,0.0,0.0
04-04,12.0,8.0,0.0,0.0,0.0,24.0,22.285714285714285,16.0,10.0,0.0,1.4285714285714286,0.0,0.0,0.0,0.0
04-05,11.0,4.0,2.0,0.0,0.0,22.0,21.714285714285715,8.0,9.714285714285714,4.0,1.1428571428571428,0.0,0.0,0.0,0.0
04-06,10.0,4.0,0.0,0.0,0.0,20.0,22.857142857142858,8.0,10.857142857142858,0.0,1.4285714285714286,0.0,0.0,0.0,0.0
04-07,12.0,5.0,0.0,0.0,0.0,24.0,23.428571428571427,10.0,9.714285714285714,0.0,0.8571428571428571,0.0,0.0,0.0,0.0
04-08,10.0,4.0,0.0,0.0,0.0,20.0,23.142857142857142,8.0,9.142857142857142,0.0,1.1428571428571428,0.0,0.0,0.0,0.0
04-09,13.0,6.0,1.0,0.0,0.0,26.0,25.142857142857142,12.0,9.714285714285714,2.0,1.1428571428571428,0.0,0.0,0.0,0.0
04-10,14.0,3.0,0.0,0.0,0.0,28.0,25.428571428571427,6.0,10.0,0.0,1.7142857142857142,0.0,0.0,0.0,0.0
04-11,11.0,6.0,1.0,0.0,0.0,22.0,26.285714285714285,12.0,10.285714285714286,2.0,2.2857142857142856,0.0,0.0,0.0,0.0
04-12,18.0,6.0,2.0,0.0,0.0,36.0,28.285714285714285,12.0,12.0,4.0,3.4285714285714284,0.0,0.0,0.0,0.0
04-13,11.0,5.0,2.0,0.0,0.0,22.0,29.142857142857142,10.0,13.142857142857142,4.0,4.0,0.0,0.0,0.0,0.0
04-14,15.0,6.0,2.0,0.0,0.0,30.0,30.0,12.0,16.0,4.0,4.285714285714286,0.0,0.0,0.0,0.0
04-15,17.0,10.0,4.0,0.0,0.0,34.0,30.857142857142858,20.0,16.0,8.0,4.571428571428571,0.0,0.0,0.0,0.0
04-16,16.0,10.0,3.0,0.0,0.0,32.0,30.0,20.0,16.571428571428573,6.0,4.571428571428571,0.0,0.2857142857142857,0.0,0.0
04-17,17.0,13.0,1.0,0.0,0.0,34.0,32.57142857142857,26.0,18.285714285714285,2.0,4.571428571428571,0.0,0.2857142857142857,0.0,0.0
04-18,14.0,6.0,2.0,0.0,0.0,28.0,34.857142857142854,12.0,20.0,4.0,4.857142857142857,0.0,0.2857142857142857,0.0,0.0
04-19,15.0,8.0,2.0,1.0,0.0,30.0,35.42857142857143,16.0,20.571428571428573,4.0,4.285714285714286,2.0,0.2857142857142857,0.0,0.0
04-20,20.0,11.0,2.0,0.0,0.0,40.0,35.142857142857146,22.0,20.285714285714285,4.0,4.0,0.0,0.2857142857142857,0.0,0.0
04-21,23.0,12.0,3.0,0.0,0.0,46.0,35.714285714285715,24.0,18.571428571428573,6.0,4.0,0.0,0.2857142857142857,0.0,0.0
04-22,19.0,12.0,2.0,0.0,0.0,38.0,37.42857142857143,24.0,19.428571428571427,4.0,3.7142857142857144,0.0,0.2857142857142857,0.0,0.0
04-23,15.0,9.0,2.0,0.0,0.0,30.0,39.142857142857146,18.0,21.142857142857142,4.0,4.0,0.0,0.0,0.0,0.0
04-24,19.0,7.0,1.0,0.0,0.0,38.0,38.57142857142857,14.0,20.571428571428573,2.0,4.857142857142857,0.0,0.2857142857142857,0.0,0.0
04-25,20.0,9.0,1.0,0.0,0.0,40.0,37.714285714285715,18.0,20.0,2.0,6.0,0.0,0.2857142857142857,0.0,0.0
04-26,21.0,14.0,3.0,0.0,0.0,42.0,37.714285714285715,28.0,18.571428571428573,6.0,6.857142857142857,0.0,0.5714285714285714,0.0,0.0
04-27,18.0,9.0,5.0,1.0,0.0,36.0,40.0,18.0,20.571428571428573,10.0,7.714285714285714,2.0,1.1428571428571428,0.0,0.0
04-28,20.0,10.0,7.0,0.0,0.0,40.0,42.285714285714285,20.0,24.285714285714285,14.0,8.857142857142858,0.0,1.1428571428571428,0.0,0.0
04-29,19.0,7.0,5.0,1.0,0.0,38.0,44.57142857142857,14.0,27.428571428571427,10.0,10.571428571428571,2.0,1.4285714285714286,0.0,0.0
04-30,23.0,16.0,5.0,2.0,0.0,46.0,46.0,32.0,29.714285714285715,10.0,11.142857142857142,4.0,1.4285714285714286,0.0,0.0
05-01,27.0,20.0,5.0,0.0,0.0,54.0,48.285714285714285,40.0,32.0,10.0,12.285714285714286,0.0,1.1428571428571428,0.0,0.0
05-02,28.0,20.0,7.0,1.0,0.0,56.0,50.57142857142857,40.0,34.0,14.0,12.857142857142858,2.0,1.1428571428571428,0.0,0.0
05-03,26.0,22.0,5.0,0.0,0.0,52.0,54.285714285714285,44.0,37.142857142857146,10.0,12.857142857142858,0.0,0.8571428571428571,0.0,0.0
05-04,26.0,17.0,9.0,0.0,0.0,52.0,54.57142857142857,34.0,38.0,18.0,13.142857142857142,0.0,0.5714285714285714,0.0,0.0
05-05,28.0,17.0,9.0,0.0,0.0,56.0,56.285714285714285,34.0,38.57142857142857,18.0,13.714285714285714,0.0,0.8571428571428571,0.0,0.0
05-06,32.0,18.0,5.0,0.0,0.0,64.0,56.57142857142857,36.0,38.857142857142854,10.0,15.142857142857142,0.0,0.8571428571428571,0.0,0.0
05-07,24.0,19.0,6.0,1.0,0.0,48.0,57.42857142857143,38.0,38.285714285714285,12.0,17.142857142857142,2.0,1.4285714285714286,0.0,0.0
05-08,33.0,22.0,7.0,1.0,0.0,66.0,59.142857142857146,44.0,39.42857142857143,14.0,18.0,2.0,2.2857142857142856,0.0,0.0
05-09,29.0,21.0,12.0,1.0,0.0,58.0,60.57142857142857,42.0,42.0,24.0,19.142857142857142,2.0,3.142857142857143,0.0,0.2857142857142857
05-10,29.0,20.0,12.0,2.0,0.0,58.0,60.0,40.0,43.142857142857146,24.0,21.714285714285715,4.0,4.571428571428571,0.0,0.2857142857142857
05-11,32.0,21.0,12.0,3.0,0.0,64.0,62.857142857142854,42.0,44.857142857142854,24.0,23.428571428571427,6.0,4.571428571428571,0.0,0.2857142857142857
05-12,33.0,26.0,13.0,3.0,1.0,66.0,64.28571428571429,52.0,46.285714285714285,26.0,25.714285714285715,6.0,4.571428571428571,2.0,0.2857142857142857
05-13,30.0,22.0,14.0,5.0,0.0,60.0,67.42857142857143,44.0,48.0,28.0,27.428571428571427,10.0,4.857142857142857,0.0,0.2857142857142857
05-14,34.0,25.0,12.0,1.0,0.0,68.0,69.42857142857143,50.0,49.714285714285715,24.0,28.285714285714285,2.0,5.428571428571429,0.0,0.2857142857142857
05-15,38.0,27.0,15.0,1.0,0.0,76.0,70.0,54.0,51.142857142857146,30.0,28.571428571428573,2.0,6.285714285714286,0.0,0.2857142857142857
05-16,40.0,27.0,18.0,2.0,0.0,80.0,70.0,54.0,51.714285714285715,36.0,29.428571428571427,4.0,6.285714285714286,0.0,0.0
05-17,36.0,26.0,15.0,4.0,0.0,72.0,70.85714285714286,52.0,52.857142857142854,30.0,30.285714285714285,8.0,5.428571428571429,0.0,0.0
05-18,34.0,26.0,13.0,6.0,0.0,68.0,72.0,52.0,53.42857142857143,26.0,30.285714285714285,12.0,5.714285714285714,0.0,0.0
05-19,33.0,28.0,16.0,3.0,0.0,66.0,72.0,56.0,54.0,32.0,31.428571428571427,6.0,7.142857142857143,0.0,0.0
05-20,33.0,26.0,17.0,2.0,0.0,66.0,71.71428571428571,52.0,54.57142857142857,34.0,32.285714285714285,4.0,8.285714285714286,0.0,0.0
05-21,38.0,27.0,12.0,2.0,0.0,76.0,73.42857142857143,54.0,56.0,24.0,33.142857142857146,4.0,8.285714285714286,0.0,0.0
05-22,38.0,29.0,19.0,6.0,0.0,76.0,76.0,58.0,59.42857142857143,38.0,35.142857142857146,12.0,8.0,0.0,0.2857142857142857
05-23,39.0,29.0,21.0,6.0,0.0,78.0,78.0,58.0,61.714285714285715,42.0,37.714285714285715,12.0,10.857142857142858,0.0,0.2857142857142857
05-24,42.0,31.0,18.0,4.0,0.0,84.0,80.85714285714286,62.0,64.0,36.0,39.714285714285715,8.0,12.285714285714286,0.0,0.2857142857142857
05-25,43.0,38.0,20.0,5.0,1.0,86.0,82.85714285714286,76.0,67.14285714285714,40.0,43.42857142857143,10.0,15.142857142857142,2.0,0.2857142857142857
05-26,40.0,36.0,25.0,13.0,0.0,80.0,84.85714285714286,72.0,69.71428571428571,50.0,45.714285714285715,26.0,18.0,0.0,0.2857142857142857
05-27,43.0,34.0,24.0,7.0,0.0,86.0,86.0,68.0,72.0,48.0,47.142857142857146,14.0,19.714285714285715,0.0,0.8571428571428571
05-28,45.0,38.0,25.0,12.0,0.0,90.0,86.28571428571429,76.0,74.0,50.0,50.57142857142857,24.0,24.0,0.0,1.4285714285714286
05-29,45.0,38.0,27.0,16.0,0.0,90.0,87.14285714285714,76.0,74.28571428571429,54.0,53.42857142857143,32.0,27.142857142857142,0.0,1.4285714285714286
05-30,43.0,37.0,26.0,12.0,2.0,86.0,88.85714285714286,74.0,75.14285714285714,52.0,54.857142857142854,24.0,26.285714285714285,4.0,1.4285714285714286
05-31,43.0,38.0,30.0,19.0,2.0,86.0,89.42857142857143,76.0,75.71428571428571,60.0,56.285714285714285,38.0,28.0,4.0,1.7142857142857142
06-01,46.0,39.0,30.0,16.0,1.0,92.0,89.42857142857143,78.0,74.57142857142857,60.0,56.0,32.0,26.571428571428573,2.0,2.0
06-02,46.0,39.0,30.0,10.0,0.0,92.0,88.57142857142857,78.0,73.14285714285714,60.0,56.285714285714285,20.0,25.714285714285715,0.0,2.0
06-03,45.0,36.0,29.0,13.0,1.0,90.0,88.57142857142857,72.0,73.14285714285714,58.0,56.857142857142854,26.0,27.142857142857142,2.0,1.7142857142857142
06-04,45.0,34.0,24.0,7.0,1.0,90.0,89.14285714285714,68.0,73.42857142857143,48.0,57.42857142857143,14.0,26.571428571428573,2.0,2.2857142857142856
06-05,42.0,33.0,28.0,13.0,0.0,84.0,88.28571428571429,66.0,72.85714285714286,56.0,57.714285714285715,26.0,28.0,0.0,4.285714285714286
06-06,43.0,37.0,28.0,17.0,1.0,86.0,88.85714285714286,74.0,73.71428571428571,56.0,58.285714285714285,34.0,30.857142857142858,2.0,6.571428571428571
06-07,45.0,39.0,32.0,17.0,4.0,90.0,89.42857142857143,78.0,75.14285714285714,64.0,58.857142857142854,34.0,32.857142857142854,8.0,8.0
06-08,43.0,37.0,31.0,21.0,8.0,86.0,89.42857142857143,74.0,77.71428571428571,62.0,61.42857142857143,42.0,35.42857142857143,16.0,8.285714285714286
06-09,48.0,42.0,32.0,20.0,8.0,96.0,91.42857142857143,84.0,80.28571428571429,64.0,63.42857142857143,40.0,38.57142857142857,16.0,9.142857142857142
06-10,47.0,41.0,31.0,20.0,6.0,94.0,92.57142857142857,82.0,81.14285714285714,62.0,65.14285714285714,40.0,40.0,12.0,10.571428571428571
06-11,45.0,43.0,33.0,16.0,2.0,90.0,92.85714285714286,86.0,80.85714285714286,66.0,64.28571428571429,32.0,40.857142857142854,4.0,10.857142857142858
06-12,49.0,42.0,35.0,24.0,3.0,98.0,93.71428571428571,84.0,82.28571428571429,70.0,64.57142857142857,48.0,40.0,6.0,10.285714285714286
06-13,47.0,40.0,34.0,22.0,6.0,94.0,94.28571428571429,80.0,83.14285714285714,68.0,64.85714285714286,44.0,40.0,12.0,10.0
06-14,46.0,38.0,29.0,20.0,5.0,92.0,94.85714285714286,76.0,83.42857142857143,58.0,66.57142857142857,40.0,40.285714285714285,10.0,9.714285714285714
06-15,46.0,42.0,32.0,18.0,6.0,92.0,95.42857142857143,84.0,83.71428571428571,64.0,67.71428571428571,36.0,42.857142857142854,12.0,11.714285714285714
06-16,50.0,45.0,33.0,20.0,7.0,100.0,95.42857142857143,90.0,84.85714285714286,66.0,69.14285714285714,40.0,44.0,14.0,12.857142857142858
06-17,49.0,42.0,37.0,21.0,5.0,98.0,95.71428571428571,84.0,86.28571428571429,74.0,70.28571428571429,42.0,44.857142857142854,10.0,12.571428571428571
06-18,47.0,44.0,37.0,25.0,9.0,94.0,96.57142857142857,88.0,88.57142857142857,74.0,71.42857142857143,50.0,46.285714285714285,18.0,13.428571428571429
06-19,49.0,46.0,40.0,28.0,7.0,98.0,97.14285714285714,92.0,90.0,80.0,73.71428571428571,56.0,49.142857142857146,14.0,14.0
06-20,48.0,45.0,38.0,25.0,5.0,96.0,96.57142857142857,90.0,90.57142857142857,76.0,74.28571428571429,50.0,50.857142857142854,10.0,13.428571428571429
06-21,49.0,46.0,33.0,25.0,8.0,98.0,96.57142857142857,92.0,92.28571428571429,66.0,74.85714285714286,50.0,52.0,16.0,13.428571428571429
06-22,48.0,47.0,40.0,28.0,8.0,96.0,96.85714285714286,94.0,93.14285714285714,80.0,76.0,56.0,50.285714285714285,16.0,12.571428571428571
06-23,48.0,47.0,35.0,26.0,5.0,96.0,96.57142857142857,94.0,92.85714285714286,70.0,75.42857142857143,52.0,49.42857142857143,10.0,12.571428571428571
06-24,49.0,48.0,39.0,25.0,5.0,98.0,96.85714285714286,96.0,92.28571428571429,78.0,76.28571428571429,50.0,50.857142857142854,10.0,13.142857142857142
06-25,48.0,47.0,41.0,19.0,6.0,96.0,96.85714285714286,94.0,91.42857142857143,82.0,77.71428571428571,38.0,52.0,12.0,12.857142857142858
06-26,48.0,45.0,38.0,25.0,7.0,96.0,97.42857142857143,90.0,92.0,76.0,78.57142857142857,50.0,52.0,14.0,12.285714285714286
06-27,49.0,43.0,41.0,30.0,7.0,98.0,97.71428571428571,86.0,91.42857142857143,82.0,80.28571428571429,60.0,52.0,14.0,12.285714285714286
06-28,49.0,43.0,38.0,29.0,7.0,98.0,96.85714285714286,86.0,90.57142857142857,76.0,79.42857142857143,58.0,52.857142857142854,14.0,13.714285714285714
06-29,50.0,49.0,43.0,28.0,6.0,100.0,96.85714285714286,98.0,90.28571428571429,86.0,78.28571428571429,56.0,55.714285714285715,12.0,15.142857142857142
06-30,49.0,45.0,41.0,26.0,5.0,98.0,97.42857142857143,90.0,90.28571428571429,82.0,79.14285714285714,52.0,55.42857142857143,10.0,16.0
07-01,46.0,45.0,36.0,28.0,10.0,92.0,97.71428571428571,90.0,91.42857142857143,72.0,79.42857142857143,56.0,55.714285714285715,20.0,16.857142857142858
07-02,48.0,46.0,37.0,29.0,11.0,96.0,97.71428571428571,92.0,92.28571428571429,74.0,80.85714285714286,58.0,58.57142857142857,22.0,19.142857142857142
07-03,50.0,45.0,41.0,24.0,10.0,100.0,97.71428571428571,90.0,92.0,82.0,80.57142857142857,48.0,60.57142857142857,20.0,22.285714285714285
07-04,50.0,47.0,42.0,31.0,10.0,100.0,98.0,94.0,92.28571428571429,84.0,80.28571428571429,62.0,62.0,20.0,24.285714285714285
07-05,49.0,46.0,43.0,39.0,15.0,98.0,98.85714285714286,92.0,92.85714285714286,86.0,82.28571428571429,78.0,63.142857142857146,30.0,25.142857142857142
07-06,50.0,48.0,42.0,35.0,17.0,100.0,99.42857142857143,96.0,93.42857142857143,84.0,84.0,70.0,65.42857142857143,34.0,26.571428571428573
07-07,50.0,46.0,40.0,31.0,12.0,100.0,99.42857142857143,92.0,94.85714285714286,80.0,85.42857142857143,62.0,67.71428571428571,24.0,26.285714285714285
07-08,49.0,47.0,43.0,32.0,13.0,98.0,99.14285714285714,94.0,94.85714285714286,86.0,85.14285714285714,64.0,67.71428571428571,26.0,26.857142857142858
07-09,50.0,48.0,43.0,37.0,16.0,100.0,99.42857142857143,96.0,95.14285714285714,86.0,85.14285714285714,74.0,65.14285714285714,32.0,26.0
07-10,50.0,50.0,46.0,32.0,9.0,100.0,99.42857142857143,100.0,94.57142857142857,92.0,85.14285714285714,64.0,64.85714285714286,18.0,24.857142857142858
07-11,49.0,47.0,41.0,31.0,12.0,98.0,99.14285714285714,94.0,95.14285714285714,82.0,85.71428571428571,62.0,66.0,24.0,26.285714285714285
07-12,50.0,47.0,43.0,30.0,12.0,100.0,99.42857142857143,94.0,95.71428571428571,86.0,85.71428571428571,60.0,67.14285714285714,24.0,27.142857142857142
07-13,50.0,46.0,42.0,34.0,13.0,100.0,99.42857142857143,92.0,96.28571428571429,84.0,86.85714285714286,68.0,66.85714285714286,26.0,26.0
07-14,49.0,48.0,42.0,35.0,17.0,98.0,99.42857142857143,96.0,96.0,84.0,86.85714285714286,70.0,68.0,34.0,28.571428571428573
07-15,50.0,49.0,43.0,36.0,16.0,100.0,99.71428571428571,98.0,96.28571428571429,86.0,88.28571428571429,72.0,70.0,32.0,29.428571428571427
07-16,50.0,50.0,47.0,36.0,12.0,100.0,99.71428571428571,100.0,96.85714285714286,94.0,88.57142857142857,72.0,72.0,24.0,31.142857142857142
07-17,50.0,49.0,46.0,36.0,18.0,100.0,99.71428571428571,98.0,98.0,92.0,89.71428571428571,72.0,73.14285714285714,36.0,32.57142857142857
07-18,50.0,48.0,46.0,38.0,15.0,100.0,99.71428571428571,96.0,98.28571428571429,92.0,91.42857142857143,76.0,73.71428571428571,30.0,32.57142857142857
07-19,50.0,49.0,44.0,37.0,18.0,100.0,99.71428571428571,98.0,98.0,88.0,92.57142857142857,74.0,74.28571428571429,36.0,32.285714285714285
07-20,50.0,50.0,46.0,38.0,18.0,100.0,99.71428571428571,100.0,97.42857142857143,92.0,92.0,76.0,74.28571428571429,36.0,32.857142857142854
07-21,49.0,49.0,48.0,37.0,17.0,98.0,99.71428571428571,98.0,97.71428571428571,96.0,91.14285714285714,74.0,73.14285714285714,34.0,31.714285714285715
07-22,50.0,48.0,47.0,38.0,15.0,100.0,99.71428571428571,96.0,98.28571428571429,94.0,90.85714285714286,76.0,70.85714285714286,30.0,31.428571428571427
07-23,50.0,48.0,45.0,36.0,14.0,100.0,99.71428571428571,96.0,98.57142857142857,90.0,92.28571428571429,72.0,70.85714285714286,28.0,30.571428571428573
07-24,50.0,50.0,43.0,32.0,14.0,100.0,99.71428571428571,100.0,98.28571428571429,86.0,92.57142857142857,64.0,71.42857142857143,28.0,30.571428571428573
07-25,50.0,50.0,45.0,30.0,14.0,100.0,100.0,100.0,98.57142857142857,90.0,92.0,60.0,72.85714285714286,28.0,29.142857142857142
07-26,50.0,50.0,49.0,37.0,15.0,100.0,100.0,100.0,98.85714285714286,98.0,91.71428571428571,74.0,72.57142857142857,30.0,28.857142857142858
07-27,50.0,49.0,47.0,40.0,18.0,100.0,99.71428571428571,98.0,98.85714285714286,94.0,91.42857142857143,80.0,72.0,36.0,28.285714285714285
07-28,50.0,50.0,46.0,42.0,12.0,100.0,99.71428571428571,100.0,98.57142857142857,92.0,92.28571428571429,84.0,72.85714285714286,24.0,26.857142857142858
07-29,50.0,49.0,46.0,37.0,14.0,100.0,99.71428571428571,98.0,98.28571428571429,92.0,92.28571428571429,74.0,74.85714285714286,28.0,26.857142857142858
07-30,49.0,48.0,44.0,34.0,12.0,98.0,99.71428571428571,96.0,98.28571428571429,88.0,90.0,68.0,73.71428571428571,24.0,26.285714285714285
07-31,50.0,49.0,46.0,35.0,9.0,100.0,99.71428571428571,98.0,98.28571428571429,92.0,88.85714285714286,70.0,72.0,18.0,25.428571428571427
08-01,50.0,49.0,45.0,37.0,14.0,100.0,99.71428571428571,98.0,98.28571428571429,90.0,88.28571428571429,74.0,70.85714285714286,28.0,26.285714285714285
08-02,50.0,50.0,41.0,33.0,13.0,100.0,99.71428571428571,100.0,98.0,82.0,88.0,66.0,70.0,26.0,26.0
08-03,50.0,49.0,43.0,34.0,15.0,100.0,99.71428571428571,98.0,98.0,86.0,88.0,68.0,69.71428571428571,30.0,26.571428571428573
08-04,50.0,50.0,44.0,38.0,15.0,100.0,99.14285714285714,100.0,97.14285714285714,88.0,87.14285714285714,76.0,69.42857142857143,30.0,26.571428571428573
08-05,50.0,48.0,45.0,34.0,13.0,100.0,98.85714285714286,96.0,96.28571428571429,90.0,86.0,68.0,68.85714285714286,26.0,26.0
08-06,49.0,48.0,44.0,33.0,14.0,98.0,98.57142857142857,96.0,95.71428571428571,88.0,87.14285714285714,66.0,69.14285714285714,28.0,25.428571428571427
08-07,48.0,46.0,43.0,34.0,9.0,96.0,98.57142857142857,92.0,95.71428571428571,86.0,87.71428571428571,68.0,70.0,18.0,24.857142857142858
08-08,49.0,46.0,41.0,35.0,12.0,98.0,98.57142857142857,92.0,95.42857142857143,82.0,88.0,70.0,69.42857142857143,24.0,24.0
08-09,49.0,48.0,45.0,34.0,11.0,98.0,98.57142857142857,96.0,95.14285714285714,90.0,87.42857142857143,68.0,68.57142857142857,22.0,24.285714285714285
08-10,50.0,49.0,45.0,37.0,13.0,100.0,98.85714285714286,98.0,94.85714285714286,90.0,86.28571428571429,74.0,68.0,26.0,24.857142857142858
08-11,50.0,49.0,45.0,36.0,12.0,100.0,99.42857142857143,98.0,95.14285714285714,90.0,86.0,72.0,67.14285714285714,24.0,25.428571428571427
08-12,50.0,47.0,43.0,31.0,14.0,100.0,99.42857142857143,94.0,95.71428571428571,86.0,86.57142857142857,62.0,66.28571428571429,28.0,25.714285714285715
08-13,50.0,47.0,40.0,31.0,16.0,100.0,99.71428571428571,94.0,95.42857142857143,80.0,86.0,62.0,65.71428571428571,32.0,25.142857142857142
08-14,50.0,47.0,42.0,31.0,11.0,100.0,99.71428571428571,94.0,95.14285714285714,84.0,85.14285714285714,62.0,64.28571428571429,22.0,24.857142857142858
08-15,49.0,48.0,43.0,32.0,13.0,98.0,99.42857142857143,96.0,94.85714285714286,86.0,84.85714285714286,64.0,63.42857142857143,26.0,22.571428571428573
08-16,50.0,47.0,43.0,32.0,9.0,100.0,99.42857142857143,94.0,95.14285714285714,86.0,85.14285714285714,64.0,63.142857142857146,18.0,20.571428571428573
08-17,50.0,48.0,42.0,32.0,12.0,100.0,99.42857142857143,96.0,95.14285714285714,84.0,85.42857142857143,64.0,63.42857142857143,24.0,17.428571428571427
08-18,49.0,48.0,44.0,33.0,4.0,98.0,99.14285714285714,96.0,94.85714285714286,88.0,84.85714285714286,66.0,62.57142857142857,8.0,16.857142857142858
08-19,50.0,48.0,44.0,30.0,7.0,100.0,99.14285714285714,96.0,94.57142857142857,88.0,82.85714285714286,60.0,60.0,14.0,15.142857142857142
08-20,50.0,47.0,41.0,32.0,5.0,100.0,99.14285714285714,94.0,94.0,82.0,81.42857142857143,64.0,56.857142857142854,10.0,13.714285714285714
08-21,49.0,46.0,40.0,28.0,9.0,98.0,98.85714285714286,92.0,93.71428571428571,80.0,79.71428571428571,56.0,53.42857142857143,18.0,12.0
08-22,49.0,47.0,36.0,23.0,7.0,98.0,99.14285714285714,94.0,93.14285714285714,72.0,78.28571428571429,46.0,49.714285714285715,14.0,13.428571428571429
08-23,50.0,45.0,38.0,21.0,4.0,100.0,98.85714285714286,90.0,92.85714285714286,76.0,76.28571428571429,42.0,49.142857142857146,8.0,14.0
08-24,49.0,47.0,36.0,20.0,6.0,98.0,98.57142857142857,94.0,93.14285714285714,72.0,77.42857142857143,40.0,50.57142857142857,12.0,15.142857142857142
08-25,50.0,46.0,39.0,20.0,9.0,100.0,98.85714285714286,92.0,94.0,78.0,78.85714285714286,40.0,52.57142857142857,18.0,16.285714285714285
08-26,49.0,47.0,37.0,28.0,9.0,98.0,98.28571428571429,94.0,93.71428571428571,74.0,80.57142857142857,56.0,55.714285714285715,18.0,17.428571428571427
08-27,49.0,48.0,45.0,37.0,9.0,98.0,97.42857142857143,96.0,93.42857142857143,90.0,80.85714285714286,74.0,58.57142857142857,18.0,19.428571428571427
08-28,50.0,49.0,45.0,35.0,13.0,100.0,97.14285714285714,98.0,92.57142857142857,90.0,82.0,70.0,60.285714285714285,26.0,20.0
08-29,47.0,46.0,42.0,34.0,11.0,94.0,96.57142857142857,92.0,92.28571428571429,84.0,80.85714285714286,68.0,61.142857142857146,22.0,19.428571428571427
08-30,47.0,44.0,39.0,31.0,11.0,94.0,96.85714285714286,88.0,90.85714285714286,78.0,79.71428571428571,62.0,59.714285714285715,22.0,18.857142857142858
08-31,48.0,44.0,40.0,26.0,8.0,96.0,96.57142857142857,88.0,89.14285714285714,80.0,76.85714285714286,52.0,56.285714285714285,16.0,18.0
09-01,48.0,45.0,35.0,23.0,7.0,96.0,96.0,90.0,86.85714285714286,70.0,74.28571428571429,46.0,53.142857142857146,14.0,16.285714285714285
09-02,50.0,42.0,33.0,23.0,7.0,100.0,96.0,84.0,85.71428571428571,66.0,72.0,46.0,50.57142857142857,14.0,15.428571428571429
09-03,48.0,42.0,35.0,25.0,6.0,96.0,96.0,84.0,85.42857142857143,70.0,69.42857142857143,50.0,47.714285714285715,12.0,14.285714285714286
09-04,48.0,41.0,36.0,24.0,7.0,96.0,96.0,82.0,85.71428571428571,72.0,67.14285714285714,48.0,46.285714285714285,14.0,12.857142857142858
09-05,47.0,42.0,34.0,25.0,8.0,94.0,96.0,84.0,85.42857142857143,68.0,66.85714285714286,50.0,44.857142857142854,16.0,12.571428571428571
09-06,47.0,43.0,30.0,21.0,7.0,94.0,94.57142857142857,86.0,85.14285714285714,60.0,67.42857142857143,42.0,43.42857142857143,14.0,11.714285714285714
09-07,48.0,45.0,32.0,21.0,3.0,96.0,94.28571428571429,90.0,85.14285714285714,64.0,67.42857142857143,42.0,42.57142857142857,6.0,11.142857142857142
09-08,48.0,44.0,34.0,18.0,6.0,96.0,93.14285714285714,88.0,84.0,68.0,64.85714285714286,36.0,41.42857142857143,12.0,9.714285714285714
09-09,45.0,41.0,35.0,18.0,4.0,90.0,93.14285714285714,82.0,83.71428571428571,70.0,62.857142857142854,36.0,38.285714285714285,8.0,7.428571428571429
09-10,47.0,42.0,35.0,22.0,4.0,94.0,93.71428571428571,84.0,84.57142857142857,70.0,64.57142857142857,44.0,36.285714285714285,8.0,5.428571428571429
09-11,44.0,37.0,27.0,20.0,2.0,88.0,93.14285714285714,74.0,82.85714285714286,54.0,65.42857142857143,40.0,35.714285714285715,4.0,5.428571428571429
09-12,47.0,41.0,27.0,14.0,0.0,94.0,92.28571428571429,82.0,82.0,54.0,64.0,28.0,34.857142857142854,0.0,3.7142857142857144
09-13,49.0,46.0,36.0,14.0,0.0,98.0,91.71428571428571,92.0,80.85714285714286,72.0,61.142857142857146,28.0,33.42857142857143,0.0,3.4285714285714284
09-14,46.0,39.0,35.0,19.0,3.0,92.0,90.28571428571429,78.0,79.42857142857143,70.0,59.142857142857146,38.0,30.571428571428573,6.0,2.857142857142857
09-15,45.0,41.0,29.0,15.0,0.0,90.0,90.57142857142857,82.0,80.0,58.0,59.714285714285715,30.0,28.857142857142858,0.0,2.857142857142857
09-16,43.0,37.0,25.0,13.0,3.0,86.0,90.57142857142857,74.0,78.57142857142857,50.0,58.857142857142854,26.0,27.142857142857142,6.0,3.142857142857143
09-17,42.0,37.0,28.0,12.0,2.0,84.0,89.14285714285714,74.0,75.42857142857143,56.0,55.142857142857146,24.0,26.857142857142858,4.0,3.142857142857143
09-18,45.0,39.0,29.0,14.0,2.0,90.0,89.14285714285714,78.0,76.28571428571429,58.0,53.42857142857143,28.0,24.571428571428573,4.0,2.857142857142857
09-19,47.0,36.0,24.0,8.0,1.0,94.0,88.57142857142857,72.0,75.14285714285714,48.0,52.857142857142854,16.0,24.0,2.0,3.4285714285714284
09-20,44.0,35.0,23.0,13.0,0.0,88.0,88.0,70.0,73.71428571428571,46.0,52.857142857142854,26.0,24.571428571428573,0.0,2.857142857142857
09-21,46.0,42.0,29.0,11.0,2.0,92.0,86.85714285714286,84.0,71.42857142857143,58.0,50.285714285714285,22.0,24.285714285714285,4.0,2.2857142857142856
09-22,43.0,37.0,27.0,13.0,2.0,86.0,86.57142857142857,74.0,69.14285714285714,54.0,46.57142857142857,26.0,22.571428571428573,4.0,1.7142857142857142
09-23,41.0,32.0,25.0,15.0,1.0,82.0,86.0,64.0,67.71428571428571,50.0,46.0,30.0,23.428571428571427,2.0,1.4285714285714286
09-24,38.0,29.0,19.0,11.0,0.0,76.0,86.0,58.0,67.14285714285714,38.0,46.857142857142854,22.0,23.142857142857142,0.0,1.4285714285714286
09-25,44.0,31.0,16.0,8.0,0.0,88.0,84.85714285714286,62.0,65.14285714285714,32.0,45.42857142857143,16.0,22.285714285714285,0.0,0.8571428571428571
09-26,45.0,31.0,22.0,11.0,0.0,90.0,82.85714285714286,62.0,62.57142857142857,44.0,40.857142857142854,22.0,20.0,0.0,0.2857142857142857
09-27,44.0,33.0,26.0,12.0,0.0,88.0,82.0,66.0,60.285714285714285,52.0,36.857142857142854,24.0,17.142857142857142,0.0,0.0
09-28,42.0,35.0,24.0,8.0,0.0,84.0,81.71428571428571,70.0,60.0,48.0,35.42857142857143,16.0,14.571428571428571,0.0,0.0
09-29,36.0,28.0,11.0,5.0,0.0,72.0,80.0,56.0,60.0,22.0,35.714285714285715,10.0,13.142857142857142,0.0,0.0
09-30,38.0,24.0,11.0,5.0,0.0,76.0,78.0,48.0,59.714285714285715,22.0,34.285714285714285,10.0,11.428571428571429,0.0,0.0
10-01,37.0,28.0,14.0,2.0,0.0,74.0,75.71428571428571,56.0,58.0,28.0,32.857142857142854,4.0,10.0,0.0,0.0
10-02,38.0,31.0,17.0,3.0,0.0,76.0,72.57142857142857,62.0,54.857142857142854,34.0,30.857142857142858,6.0,8.857142857142858,0.0,0.2857142857142857
10-03,38.0,30.0,17.0,5.0,0.0,76.0,71.42857142857143,60.0,54.0,34.0,31.714285714285715,10.0,8.571428571428571,0.0,0.2857142857142857
10-04,36.0,27.0,21.0,7.0,0.0,72.0,68.57142857142857,54.0,53.142857142857146,42.0,32.57142857142857,14.0,8.285714285714286,0.0,0.2857142857142857
10-05,31.0,24.0,17.0,4.0,1.0,62.0,66.0,48.0,50.0,34.0,31.428571428571427,8.0,9.428571428571429,2.0,0.5714285714285714
10-06,32.0,25.0,14.0,4.0,0.0,64.0,64.28571428571429,50.0,48.857142857142854,28.0,30.0,8.0,9.714285714285714,0.0,0.8571428571428571
10-07,28.0,21.0,14.0,4.0,0.0,56.0,62.57142857142857,42.0,46.0,28.0,28.0,8.0,9.142857142857142,0.0,0.8571428571428571
10-08,28.0,17.0,10.0,6.0,1.0,56.0,59.142857142857146,34.0,43.714285714285715,20.0,24.0,12.0,8.0,2.0,0.8571428571428571
10-09,32.0,27.0,12.0,4.0,1.0,64.0,58.0,54.0,41.42857142857143,24.0,20.571428571428573,8.0,7.428571428571429,2.0,0.5714285714285714
10-10,32.0,20.0,10.0,3.0,0.0,64.0,58.0,40.0,39.42857142857143,20.0,19.142857142857142,6.0,6.857142857142857,0.0,0.5714285714285714
10-11,24.0,19.0,7.0,3.0,0.0,48.0,58.857142857142854,38.0,38.857142857142854,14.0,17.714285714285715,6.0,6.0,0.0,0.5714285714285714
10-12,27.0,16.0,5.0,2.0,0.0,54.0,56.57142857142857,32.0,38.0,10.0,17.142857142857142,4.0,4.571428571428571,0.0,0.2857142857142857
10-13,32.0,18.0,9.0,2.0,0.0,64.0,54.0,36.0,34.57142857142857,18.0,14.857142857142858,4.0,3.4285714285714284,0.0,0.0
10-14,31.0,19.0,9.0,1.0,0.0,62.0,50.57142857142857,38.0,32.285714285714285,18.0,12.857142857142858,2.0,2.5714285714285716,0.0,0.0
10-15,20.0,14.0,8.0,1.0,0.0,40.0,49.42857142857143,28.0,30.857142857142858,16.0,12.857142857142858,2.0,1.7142857142857142,0.0,0.0
10-16,23.0,15.0,4.0,0.0,0.0,46.0,48.0,30.0,29.142857142857142,8.0,12.857142857142858,0.0,1.4285714285714286,0.0,0.0
10-17,20.0,12.0,3.0,0.0,0.0,40.0,45.42857142857143,24.0,26.857142857142858,6.0,12.285714285714286,0.0,1.1428571428571428,0.0,0.0
10-18,20.0,14.0,7.0,0.0,0.0,40.0,41.42857142857143,28.0,24.0,14.0,11.428571428571429,0.0,1.1428571428571428,0.0,0.0
10-19,22.0,10.0,5.0,1.0,0.0,44.0,40.285714285714285,20.0,22.0,10.0,10.0,2.0,0.8571428571428571,0.0,0.0
10-20,23.0,10.0,7.0,1.0,0.0,46.0,39.42857142857143,20.0,21.714285714285715,14.0,10.571428571428571,2.0,0.8571428571428571,0.0,0.0
10-21,17.0,9.0,6.0,1.0,0.0,34.0,38.857142857142854,18.0,21.142857142857142,12.0,10.285714285714286,2.0,0.8571428571428571,0.0,0.0
10-22,16.0,7.0,3.0,0.0,0.0,32.0,38.0,14.0,20.0,6.0,8.285714285714286,0.0,0.8571428571428571,0.0,0.0
10-23,20.0,14.0,6.0,0.0,0.0,40.0,38.0,28.0,19.714285714285715,12.0,8.0,0.0,0.5714285714285714,0.0,0.0
10-24,18.0,10.0,2.0,0.0,0.0,36.0,37.714285714285715,20.0,20.285714285714285,4.0,8.0,0.0,1.1428571428571428,0.0,0.0
10-25,17.0,10.0,0.0,0.0,0.0,34.0,38.285714285714285,20.0,20.857142857142858,0.0,7.142857142857143,0.0,1.1428571428571428,0.0,0.0
10-26,22.0,9.0,4.0,0.0,0.0,44.0,37.42857142857143,18.0,20.571428571428573,8.0,6.857142857142857,0.0,1.4285714285714286,0.0,0.0
10-27,22.0,12.0,7.0,3.0,0.0,44.0,35.714285714285715,24.0,18.571428571428573,14.0,5.428571428571429,6.0,1.4285714285714286,0.0,0.0
10-28,19.0,11.0,3.0,1.0,0.0,38.0,33.714285714285715,22.0,18.0,6.0,5.714285714285714,2.0,1.7142857142857142,0.0,0.0
10-29,13.0,6.0,2.0,1.0,0.0,26.0,34.57142857142857,12.0,17.428571428571427,4.0,6.0,2.0,1.7142857142857142,0.0,0.0
10-30,14.0,7.0,1.0,0.0,0.0,28.0,34.0,14.0,18.285714285714285,2.0,5.428571428571429,0.0,1.7142857142857142,0.0,0.0
10-31,11.0,8.0,3.0,1.0,0.0,22.0,31.428571428571427,16.0,17.142857142857142,6.0,3.7142857142857144,2.0,0.8571428571428571,0.0,0.0
11-01,20.0,8.0,1.0,0.0,0.0,40.0,29.428571428571427,16.0,15.428571428571429,2.0,3.7142857142857144,0.0,0.5714285714285714,0.0,0.0
11-02,20.0,12.0,2.0,0.0,0.0,40.0,30.571428571428573,24.0,16.285714285714285,4.0,3.4285714285714284,0.0,0.2857142857142857,0.0,0.0
11-03,13.0,8.0,1.0,0.0,0.0,26.0,30.571428571428573,16.0,16.857142857142858,2.0,4.285714285714286,0.0,0.2857142857142857,0.0,0.0
11-04,12.0,5.0,3.0,0.0,0.0,24.0,30.0,10.0,16.285714285714285,6.0,3.7142857142857144,0.0,0.0,0.0,0.0
11-05,17.0,9.0,1.0,0.0,0.0,34.0,26.571428571428573,18.0,15.142857142857142,2.0,3.7142857142857144,0.0,0.0,0.0,0.0
11-06,14.0,9.0,4.0,0.0,0.0,28.0,24.285714285714285,18.0,12.857142857142858,8.0,3.7142857142857144,0.0,0.0,0.0,0.0
11-07,9.0,6.0,1.0,0.0,0.0,18.0,24.285714285714285,12.0,12.571428571428571,2.0,4.0,0.0,0.0,0.0,0.0
11-08,8.0,4.0,1.0,0.0,0.0,16.0,24.571428571428573,8.0,12.857142857142858,2.0,4.0,0.0,0.0,0.0,0.0
11-09,12.0,4.0,2.0,0.0,0.0,24.0,22.857142857142858,8.0,11.428571428571429,4.0,4.285714285714286,0.0,0.0,0.0,0.0
11-10,13.0,7.0,2.0,0.0,0.0,26.0,20.285714285714285,14.0,9.714285714285714,4.0,3.4285714285714284,0.0,0.0,0.0,0.0
11-11,13.0,6.0,3.0,0.0,0.0,26.0,19.428571428571427,12.0,8.857142857142858,6.0,3.142857142857143,0.0,0.0,0.0,0.0
11-12,11.0,4.0,2.0,0.0,0.0,22.0,19.428571428571427,8.0,9.142857142857142,4.0,3.142857142857143,0.0,0.0,0.0,0.0
11-13,5.0,3.0,1.0,0.0,0.0,10.0,17.714285714285715,6.0,8.857142857142858,2.0,2.857142857142857,0.0,0.0,0.0,0.0
11-14,6.0,3.0,0.0,0.0,0.0,12.0,16.0,6.0,7.714285714285714,0.0,2.2857142857142856,0.0,0.0,0.0,0.0
11-15,8.0,5.0,1.0,0.0,0.0,16.0,14.285714285714286,10.0,6.571428571428571,2.0,1.4285714285714286,0.0,0.0,0.0,0.0
11-16,6.0,3.0,1.0,0.0,0.0,12.0,12.857142857142858,6.0,6.571428571428571,2.0,0.8571428571428571,0.0,0.0,0.0,0.0
11-17,7.0,3.0,0.0,0.0,0.0,14.0,14.285714285714286,6.0,6.571428571428571,0.0,0.5714285714285714,0.0,0.0,0.0,0.0
11-18,7.0,2.0,0.0,0.0,0.0,14.0,14.285714285714286,4.0,6.285714285714286,0.0,0.8571428571428571,0.0,0.0,0.0,0.0
11-19,6.0,4.0,0.0,0.0,0.0,12.0,14.0,8.0,5.428571428571429,0.0,0.8571428571428571,0.0,0.0,0.0,0.0
11-20,10.0,3.0,0.0,0.0,0.0,20.0,14.0,6.0,5.714285714285714,0.0,0.8571428571428571,0.0,0.0,0.0,0.0
11-21,6.0,2.0,1.0,0.0,0.0,12.0,14.0,4.0,5.428571428571429,2.0,0.8571428571428571,0.0,0.0,0.0,0.0
11-22,7.0,2.0,1.0,0.0,0.0,14.0,13.428571428571429,4.0,5.714285714285714,2.0,0.8571428571428571,0.0,0.0,0.0,0.0
11-23,6.0,4.0,1.0,0.0,0.0,12.0,14.571428571428571,8.0,5.428571428571429,2.0,1.1428571428571428,0.0,0.0,0.0,0.0
11-24,7.0,2.0,0.0,0.0,0.0,14.0,13.714285714285714,4.0,5.142857142857143,0.0,1.1428571428571428,0.0,0.0,0.0,0.0
11-25,5.0,3.0,0.0,0.0,0.0,10.0,15.428571428571429,6.0,5.428571428571429,0.0,1.1428571428571428,0.0,0.0,0.0,0.0
11-26,10.0,3.0,1.0,0.0,0.0,20.0,15.428571428571429,6.0,6.0,2.0,0.8571428571428571,0.0,0.0,0.0,0.0
11-27,7.0,2.0,0.0,0.0,0.0,14.0,15.428571428571429,4.0,6.0,0.0,0.8571428571428571,0.0,0.0,0.0,0.0
11-28,12.0,3.0,1.0,0.0,0.0,24.0,15.142857142857142,6.0,6.857142857142857,2.0,0.8571428571428571,0.0,0.0,0.0,0.0
11-29,7.0,4.0,0.0,0.0,0.0,14.0,14.857142857142858,8.0,6.0,0.0,0.8571428571428571,0.0,0.0,0.0,0.0
11-30,6.0,4.0,1.0,0.0,0.0,12.0,13.142857142857142,8.0,5.428571428571429,2.0,0.5714285714285714,0.0,0.0,0.0,0.0
12-01,6.0,5.0,0.0,0.0,0.0,12.0,12.571428571428571,10.0,5.714285714285714,0.0,0.5714285714285714,0.0,0.0,0.0,0.0
12-02,4.0,0.0,0.0,0.0,0.0,8.0,10.857142857142858,0.0,5.714285714285714,0.0,0.2857142857142857,0.0,0.0,0.0,0.0
12-03,4.0,1.0,0.0,0.0,0.0,8.0,10.857142857142858,2.0,5.142857142857143,0.0,0.2857142857142857,0.0,0.0,0.0,0.0
12-04,5.0,3.0,0.0,0.0,0.0,10.0,10.285714285714286,6.0,4.285714285714286,0.0,0.0,0.0,0.0,0.0,0.0
12-05,6.0,3.0,0.0,0.0,0.0,12.0,9.428571428571429,6.0,3.142857142857143,0.0,0.0,0.0,0.0,0.0,0.0
12-06,7.0,2.0,0.0,0.0,0.0,14.0,9.142857142857142,4.0,3.4285714285714284,0.0,0.0,0.0,0.0,0.0,0.0
12-07,4.0,1.0,0.0,0.0,0.0,8.0,9.428571428571429,2.0,3.4285714285714284,0.0,0.0,0.0,0.0,0.0,0.0
12-08,3.0,1.0,0.0,0.0,0.0,6.0,9.142857142857142,2.0,2.857142857142857,0.0,0.0,0.0,0.0,0.0,0.0
12-09,3.0,1.0,0.0,0.0,0.0,6.0,7.714285714285714,2.0,2.0,0.0,0.0,0.0,0.0,0.0,0.0
12-10,5.0,1.0,0.0,0.0,0.0,10.0,6.571428571428571,2.0,1.4285714285714286,0.0,0.0,0.0,0.0,0.0,0.0
12-11,4.0,1.0,0.0,0.0,0.0,8.0,6.571428571428571,2.0,2.0,0.0,0.0,0.0,0.0,0.0,0.0
12-12,1.0,0.0,0.0,0.0,0.0,2.0,6.571428571428571,0.0,2.0,0.0,0.0,0.0,0.0,0.0,0.0
12-13,3.0,0.0,0.0,0.0,0.0,6.0,6.0,0.0,1.7142857142857142,0.0,0.0,0.0,0.0,0.0,0.0
12-14,4.0,3.0,0.0,0.0,0.0,8.0,5.142857142857143,6.0,1.7142857142857142,0.0,0.0,0.0,0.0,0.0,0.0
12-15,3.0,1.0,0.0,0.0,0.0,6.0,5.142857142857143,2.0,1.4285714285714286,0.0,0.0,0.0,0.0,0.0,0.0
12-16,1.0,0.0,0.0,0.0,0.0,2.0,5.142857142857143,0.0,1.4285714285714286,0.0,0.0,0.0,0.0,0.0,0.0
12-17,2.0,1.0,0.0,0.0,0.0,4.0,4.857142857142857,2.0,1.7142857142857142,0.0,0.0,0.0,0.0,0.0,0.0
12-18,4.0,0.0,0.0,0.0,0.0,8.0,4.857142857142857,0.0,0.8571428571428571,0.0,0.0,0.0,0.0,0.0,0.0
12-19,1.0,0.0,0.0,0.0,0.0,2.0,5.428571428571429,0.0,1.1428571428571428,0.0,0.0,0.0,0.0,0.0,0.0
12-20,2.0,1.0,0.0,0.0,0.0,4.0,7.142857142857143,2.0,2.2857142857142856,0.0,0.2857142857142857,0.0,0.0,0.0,0.0
12-21,4.0,0.0,0.0,0.0,0.0,8.0,8.285714285714286,0.0,2.5714285714285716,0.0,0.5714285714285714,0.0,0.0,0.0,0.0
12-22,5.0,2.0,0.0,0.0,0.0,10.0,8.857142857142858,4.0,2.857142857142857,0.0,0.8571428571428571,0.0,0.0,0.0,0.0
12-23,7.0,4.0,1.0,0.0,0.0,14.0,9.428571428571429,8.0,2.857142857142857,2.0,0.8571428571428571,0.0,0.0,0.0,0.0
12-24,6.0,2.0,1.0,0.0,0.0,12.0,9.428571428571429,4.0,2.857142857142857,2.0,1.1428571428571428,0.0,0.0,0.0,0.0
12-25,6.0,1.0,1.0,0.0,0.0,12.0,9.142857142857142,2.0,2.857142857142857,2.0,1.1428571428571428,0.0,0.0,0.0,0.0
12-26,3.0,0.0,0.0,0.0,0.0,6.0,8.571428571428571,0.0,2.2857142857142856,0.0,1.1428571428571428,0.0,0.0,0.0,0.0
12-27,2.0,1.0,1.0,0.0,0.0,4.0,7.142857142857143,2.0,1.7142857142857142,2.0,0.8571428571428571,0.0,0.0,0.0,0.0
12-28,3.0,0.0,0.0,0.0,0.0,6.0,6.0,0.0,1.4285714285714286,0.0,0.5714285714285714,0.0,0.0,0.0,0.0
12-29,3.0,0.0,0.0,0.0,0.0,6.0,5.0,0.0,1.3333333333333333,0.0,0.3333333333333333,0.0,0.0,0.0,0.0
12-30,2.0,2.0,0.0,0.0,0.0,4.0,4.8,4.0,1.6,0.0,0.4,0.0,0.0,0.0,0.0
12-31,2.0,1.0,0.0,0.0,0.0,4.0,5.0,2.0,1.5,0.0,0.0,0.0,0.0,0.0,0.0
